time,open,high,low,close,volume,ticker,companyType
2024-11-04 09:15:00,41500,41500,41400,41500,82900,VHM,CT
2024-11-04 09:16:00,41450,41500,41350,41350,23000,VHM,CT
2024-11-04 09:17:00,41350,41350,41250,41300,29400,VHM,CT
2024-11-04 09:18:00,41300,41350,41250,41300,28700,VHM,CT
2024-11-04 09:19:00,41300,41350,41300,41350,17300,VHM,CT
2024-11-04 09:20:00,41300,41400,41300,41350,23700,VHM,CT
2024-11-04 09:21:00,41350,41350,41250,41250,91200,VHM,CT
2024-11-04 09:22:00,41300,41300,41250,41250,20200,VHM,CT
2024-11-04 09:23:00,41250,41350,41250,41350,24400,VHM,CT
2024-11-04 09:24:00,41350,41350,41350,41350,59000,VHM,CT
2024-11-04 09:25:00,41300,41400,41300,41300,10600,VHM,CT
2024-11-04 09:26:00,41300,41400,41300,41400,26200,VHM,CT
2024-11-04 09:27:00,41300,41400,41300,41350,42600,VHM,CT
2024-11-04 09:28:00,41350,41400,41350,41400,22000,VHM,CT
2024-11-04 09:29:00,41400,41400,41350,41400,17900,VHM,CT
2024-11-04 09:30:00,41400,41400,41350,41350,24800,VHM,CT
2024-11-04 09:31:00,41350,41350,41300,41300,39900,VHM,CT
2024-11-04 09:32:00,41300,41400,41300,41350,33900,VHM,CT
2024-11-04 09:33:00,41350,41400,41350,41400,11100,VHM,CT
2024-11-04 09:34:00,41350,41400,41350,41350,35900,VHM,CT
2024-11-04 09:35:00,41350,41400,41350,41350,5500,VHM,CT
2024-11-04 09:36:00,41350,41400,41350,41350,11900,VHM,CT
2024-11-04 09:37:00,41400,41400,41350,41350,16700,VHM,CT
2024-11-04 09:38:00,41350,41350,41300,41300,54300,VHM,CT
2024-11-04 09:39:00,41350,41400,41300,41300,18600,VHM,CT
2024-11-04 09:40:00,41300,41350,41300,41300,31600,VHM,CT
2024-11-04 09:41:00,41350,41400,41300,41400,119200,VHM,CT
2024-11-04 09:42:00,41400,41500,41350,41350,208900,VHM,CT
2024-11-04 09:43:00,41350,41500,41350,41450,405300,VHM,CT
2024-11-04 09:44:00,41400,41400,41300,41300,65800,VHM,CT
2024-11-04 09:45:00,41300,41350,41250,41250,71600,VHM,CT
2024-11-04 09:46:00,41250,41300,41150,41150,113800,VHM,CT
2024-11-04 09:47:00,41150,41200,41100,41100,32900,VHM,CT
2024-11-04 09:48:00,41100,41150,40950,41000,263700,VHM,CT
2024-11-04 09:49:00,41000,41000,40950,40950,34900,VHM,CT
2024-11-04 09:50:00,40950,41000,40950,40950,555000,VHM,CT
2024-11-04 09:51:00,41000,41000,40950,41000,552900,VHM,CT
2024-11-04 09:52:00,41000,41050,41000,41000,634500,VHM,CT
2024-11-04 09:53:00,41000,41050,41000,41000,129200,VHM,CT
2024-11-04 09:54:00,41000,41050,41000,41000,64300,VHM,CT
2024-11-04 09:55:00,41000,41050,40950,40950,70600,VHM,CT
2024-11-04 09:56:00,41000,41000,40950,40950,115100,VHM,CT
2024-11-04 09:57:00,40950,41000,40900,40950,27200,VHM,CT
2024-11-04 09:58:00,41000,41000,40950,40950,5500,VHM,CT
2024-11-04 09:59:00,40950,41000,40950,41000,49600,VHM,CT
2024-11-04 10:00:00,41000,41000,40950,40950,29400,VHM,CT
2024-11-04 10:01:00,40950,40950,40900,40950,59200,VHM,CT
2024-11-04 10:02:00,40950,40950,40850,40850,138000,VHM,CT
2024-11-04 10:03:00,40900,40900,40850,40850,54600,VHM,CT
2024-11-04 10:04:00,40850,40850,40800,40800,70200,VHM,CT
2024-11-04 10:05:00,40800,40850,40750,40750,147400,VHM,CT
2024-11-04 10:06:00,40750,40800,40750,40750,17100,VHM,CT
2024-11-04 10:07:00,40750,40800,40750,40800,49900,VHM,CT
2024-11-04 10:08:00,40800,40850,40750,40850,94700,VHM,CT
2024-11-04 10:09:00,40850,40900,40850,40900,82500,VHM,CT
2024-11-04 10:10:00,40850,40900,40850,40900,38900,VHM,CT
2024-11-04 10:11:00,40900,41000,40900,40950,115100,VHM,CT
2024-11-04 10:12:00,40950,41000,40900,40950,59200,VHM,CT
2024-11-04 10:13:00,40900,40950,40900,40950,24400,VHM,CT
2024-11-04 10:14:00,40900,40950,40900,40900,25100,VHM,CT
2024-11-04 10:15:00,40950,40950,40900,40900,15100,VHM,CT
2024-11-04 10:16:00,40950,40950,40900,40900,11200,VHM,CT
2024-11-04 10:17:00,40950,40950,40900,40900,32700,VHM,CT
2024-11-04 10:18:00,40900,40950,40900,40950,74100,VHM,CT
2024-11-04 10:19:00,40950,40950,40900,40950,19000,VHM,CT
2024-11-04 10:20:00,40950,41000,40900,41000,70300,VHM,CT
2024-11-04 10:21:00,40950,41000,40900,40950,61200,VHM,CT
2024-11-04 10:22:00,40950,41000,40950,40950,48600,VHM,CT
2024-11-04 10:23:00,41000,41000,40950,41000,13300,VHM,CT
2024-11-04 10:24:00,40950,41000,40950,40950,21300,VHM,CT
2024-11-04 10:25:00,41000,41000,40950,40950,55800,VHM,CT
2024-11-04 10:26:00,40950,41000,40950,40950,43500,VHM,CT
2024-11-04 10:27:00,40950,41000,40950,41000,12700,VHM,CT
2024-11-04 10:28:00,40950,41000,40950,40950,16400,VHM,CT
2024-11-04 10:29:00,41000,41000,40950,40950,8200,VHM,CT
2024-11-04 10:30:00,41000,41000,40950,40950,22000,VHM,CT
2024-11-04 10:31:00,40950,41000,40900,40950,30900,VHM,CT
2024-11-04 10:32:00,40900,41000,40900,41000,10200,VHM,CT
2024-11-04 10:33:00,40900,41000,40900,40900,33300,VHM,CT
2024-11-04 10:34:00,40900,40950,40900,40950,53200,VHM,CT
2024-11-04 10:35:00,40950,40950,40850,40950,55700,VHM,CT
2024-11-04 10:36:00,40900,40900,40850,40850,21600,VHM,CT
2024-11-04 10:37:00,40900,40900,40850,40900,29200,VHM,CT
2024-11-04 10:38:00,40850,40900,40850,40850,19700,VHM,CT
2024-11-04 10:39:00,40900,40900,40800,40850,59800,VHM,CT
2024-11-04 10:40:00,40850,40900,40800,40850,90400,VHM,CT
2024-11-04 10:41:00,40850,40900,40850,40900,118800,VHM,CT
2024-11-04 10:42:00,40850,40900,40800,40850,94600,VHM,CT
2024-11-04 10:43:00,40850,40900,40800,40800,32500,VHM,CT
2024-11-04 10:44:00,40850,40900,40850,40900,104100,VHM,CT
2024-11-04 10:45:00,40900,40900,40850,40850,48800,VHM,CT
2024-11-04 10:46:00,40850,40900,40850,40900,51300,VHM,CT
2024-11-04 10:47:00,40850,40900,40850,40850,27500,VHM,CT
2024-11-04 10:48:00,40900,40900,40850,40900,8500,VHM,CT
2024-11-04 10:49:00,40850,40900,40850,40850,19200,VHM,CT
2024-11-04 10:50:00,40850,40900,40850,40850,16600,VHM,CT
2024-11-04 10:51:00,40850,40900,40850,40900,5700,VHM,CT
2024-11-04 10:52:00,40900,40900,40850,40850,16700,VHM,CT
2024-11-04 10:53:00,40850,40900,40850,40850,21500,VHM,CT
2024-11-04 10:54:00,40900,40900,40800,40850,88400,VHM,CT
2024-11-04 10:55:00,40800,40850,40800,40800,17000,VHM,CT
2024-11-04 10:56:00,40800,40850,40800,40850,10700,VHM,CT
2024-11-04 10:57:00,40850,40850,40800,40800,43100,VHM,CT
2024-11-04 10:58:00,40850,40850,40800,40800,20200,VHM,CT
2024-11-04 10:59:00,40800,40850,40800,40850,47100,VHM,CT
2024-11-04 11:00:00,40800,40850,40800,40850,12700,VHM,CT
2024-11-04 11:01:00,40850,40850,40800,40800,13300,VHM,CT
2024-11-04 11:02:00,40850,40850,40800,40850,143800,VHM,CT
2024-11-04 11:03:00,40850,40850,40800,40800,16200,VHM,CT
2024-11-04 11:04:00,40800,40850,40800,40800,33500,VHM,CT
2024-11-04 11:05:00,40800,40850,40800,40800,150200,VHM,CT
2024-11-04 11:06:00,40850,40850,40800,40800,62200,VHM,CT
2024-11-04 11:07:00,40800,40800,40750,40800,26400,VHM,CT
2024-11-04 11:08:00,40800,40800,40750,40800,65200,VHM,CT
2024-11-04 11:09:00,40750,40800,40750,40800,42800,VHM,CT
2024-11-04 11:10:00,40800,40800,40750,40800,25200,VHM,CT
2024-11-04 11:11:00,40800,40800,40750,40800,16500,VHM,CT
2024-11-04 11:12:00,40800,40800,40750,40750,24500,VHM,CT
2024-11-04 11:13:00,40800,40800,40750,40750,147700,VHM,CT
2024-11-04 11:14:00,40750,40800,40750,40800,61300,VHM,CT
2024-11-04 11:15:00,40750,40800,40700,40750,90400,VHM,CT
2024-11-04 11:16:00,40700,40750,40700,40750,21400,VHM,CT
2024-11-04 11:17:00,40700,40750,40700,40750,11400,VHM,CT
2024-11-04 11:18:00,40750,40750,40700,40750,19400,VHM,CT
2024-11-04 11:19:00,40750,40750,40700,40750,35800,VHM,CT
2024-11-04 11:20:00,40750,40750,40700,40700,14700,VHM,CT
2024-11-04 11:21:00,40700,40750,40700,40700,20100,VHM,CT
2024-11-04 11:22:00,40750,40750,40700,40750,25000,VHM,CT
2024-11-04 11:23:00,40700,40800,40700,40800,137200,VHM,CT
2024-11-04 11:24:00,40750,40850,40750,40850,191600,VHM,CT
2024-11-04 11:25:00,40900,40900,40750,40750,47900,VHM,CT
2024-11-04 11:26:00,40750,40850,40750,40800,104800,VHM,CT
2024-11-04 11:27:00,40800,40850,40750,40850,85900,VHM,CT
2024-11-04 11:28:00,40800,40850,40750,40850,143700,VHM,CT
2024-11-04 11:29:00,40850,40850,40800,40800,42400,VHM,CT
2024-11-04 13:00:00,40800,40800,40650,40650,439400,VHM,CT
2024-11-04 13:01:00,40650,40650,40600,40650,73500,VHM,CT
2024-11-04 13:02:00,40600,40700,40600,40650,87200,VHM,CT
2024-11-04 13:03:00,40600,40650,40600,40650,131900,VHM,CT
2024-11-04 13:04:00,40650,40700,40600,40650,29900,VHM,CT
2024-11-04 13:05:00,40650,40650,40600,40600,22200,VHM,CT
2024-11-04 13:06:00,40600,40650,40550,40600,171100,VHM,CT
2024-11-04 13:07:00,40600,40600,40550,40550,64000,VHM,CT
2024-11-04 13:08:00,40600,40600,40550,40550,154900,VHM,CT
2024-11-04 13:09:00,40550,40600,40550,40550,16300,VHM,CT
2024-11-04 13:10:00,40600,40600,40550,40600,62400,VHM,CT
2024-11-04 13:11:00,40600,40600,40550,40600,72000,VHM,CT
2024-11-04 13:12:00,40600,40650,40600,40600,81800,VHM,CT
2024-11-04 13:13:00,40600,40700,40600,40700,119900,VHM,CT
2024-11-04 13:14:00,40750,40850,40750,40800,153300,VHM,CT
2024-11-04 13:15:00,40800,40850,40700,40700,103900,VHM,CT
2024-11-04 13:16:00,40700,40750,40650,40650,61500,VHM,CT
2024-11-04 13:17:00,40700,40750,40650,40650,47500,VHM,CT
2024-11-04 13:18:00,40650,40750,40650,40750,125300,VHM,CT
2024-11-04 13:19:00,40700,40750,40650,40700,15300,VHM,CT
2024-11-04 13:20:00,40650,40700,40650,40650,47000,VHM,CT
2024-11-04 13:21:00,40650,40700,40650,40650,35800,VHM,CT
2024-11-04 13:22:00,40650,40700,40650,40700,37800,VHM,CT
2024-11-04 13:23:00,40650,40650,40600,40600,220900,VHM,CT
2024-11-04 13:24:00,40650,40650,40550,40600,81900,VHM,CT
2024-11-04 13:25:00,40550,40600,40550,40600,27000,VHM,CT
2024-11-04 13:26:00,40600,40650,40550,40600,39700,VHM,CT
2024-11-04 13:27:00,40650,40650,40550,40550,21700,VHM,CT
2024-11-04 13:28:00,40600,40600,40550,40550,43300,VHM,CT
2024-11-04 13:29:00,40600,40600,40550,40550,107500,VHM,CT
2024-11-04 13:30:00,40550,40600,40550,40550,118900,VHM,CT
2024-11-04 13:31:00,40600,40650,40550,40600,82400,VHM,CT
2024-11-04 13:32:00,40600,40650,40600,40600,46100,VHM,CT
2024-11-04 13:33:00,40600,40650,40600,40650,13900,VHM,CT
2024-11-04 13:34:00,40650,40700,40600,40600,78300,VHM,CT
2024-11-04 13:35:00,40650,40700,40600,40650,109400,VHM,CT
2024-11-04 13:36:00,40650,40700,40600,40600,98000,VHM,CT
2024-11-04 13:37:00,40650,40700,40650,40650,46300,VHM,CT
2024-11-04 13:38:00,40650,40700,40600,40650,84600,VHM,CT
2024-11-04 13:39:00,40650,40700,40600,40600,44200,VHM,CT
2024-11-04 13:40:00,40600,40650,40600,40600,45500,VHM,CT
2024-11-04 13:41:00,40600,40650,40600,40650,37100,VHM,CT
2024-11-04 13:42:00,40600,40650,40550,40550,48200,VHM,CT
2024-11-04 13:43:00,40600,40750,40550,40750,167600,VHM,CT
2024-11-04 13:44:00,40750,40800,40700,40750,119000,VHM,CT
2024-11-04 13:45:00,40750,40850,40700,40850,164300,VHM,CT
2024-11-04 13:46:00,40800,40850,40750,40750,91700,VHM,CT
2024-11-04 13:47:00,40800,40900,40800,40850,147700,VHM,CT
2024-11-04 13:48:00,40850,40900,40800,40850,90000,VHM,CT
2024-11-04 13:49:00,40800,41000,40800,40850,119800,VHM,CT
2024-11-04 13:50:00,40900,40900,40800,40900,121700,VHM,CT
2024-11-04 13:51:00,40900,41000,40850,40950,172900,VHM,CT
2024-11-04 13:52:00,40950,41000,40850,40950,180800,VHM,CT
2024-11-04 13:53:00,40900,41000,40900,40950,191100,VHM,CT
2024-11-04 13:54:00,40950,41100,40950,41100,203200,VHM,CT
2024-11-04 13:55:00,41100,41250,41100,41100,189500,VHM,CT
2024-11-04 13:56:00,41100,41300,41100,41250,147700,VHM,CT
2024-11-04 13:57:00,41250,41300,41150,41250,183900,VHM,CT
2024-11-04 13:58:00,41250,41300,41200,41250,119200,VHM,CT
2024-11-04 13:59:00,41200,41250,41050,41050,163200,VHM,CT
2024-11-04 14:00:00,41050,41100,41000,41050,33300,VHM,CT
2024-11-04 14:01:00,41000,41050,41000,41000,49100,VHM,CT
2024-11-04 14:02:00,41050,41050,40950,40950,58700,VHM,CT
2024-11-04 14:03:00,41000,41000,40950,41000,82800,VHM,CT
2024-11-04 14:04:00,41000,41000,40950,41000,137100,VHM,CT
2024-11-04 14:05:00,41000,41050,40950,41000,59700,VHM,CT
2024-11-04 14:06:00,41050,41050,41000,41050,68200,VHM,CT
2024-11-04 14:07:00,41100,41200,41050,41200,97600,VHM,CT
2024-11-04 14:08:00,41150,41200,41100,41150,163400,VHM,CT
2024-11-04 14:09:00,41150,41300,41150,41150,149300,VHM,CT
2024-11-04 14:10:00,41250,41250,41100,41150,178400,VHM,CT
2024-11-04 14:11:00,41200,41250,41150,41200,116700,VHM,CT
2024-11-04 14:12:00,41250,41250,41150,41150,56500,VHM,CT
2024-11-04 14:13:00,41100,41150,41100,41150,34800,VHM,CT
2024-11-04 14:14:00,41150,41200,41100,41150,51300,VHM,CT
2024-11-04 14:15:00,41150,41400,41150,41350,243900,VHM,CT
2024-11-04 14:16:00,41350,41450,41300,41400,391400,VHM,CT
2024-11-04 14:17:00,41400,41500,41300,41350,108700,VHM,CT
2024-11-04 14:18:00,41350,41450,41350,41400,81500,VHM,CT
2024-11-04 14:19:00,41350,41450,41300,41400,186100,VHM,CT
2024-11-04 14:20:00,41400,41450,41350,41350,199900,VHM,CT
2024-11-04 14:21:00,41350,41400,41300,41400,151800,VHM,CT
2024-11-04 14:22:00,41400,41450,41350,41350,150600,VHM,CT
2024-11-04 14:23:00,41350,41450,41300,41400,144100,VHM,CT
2024-11-04 14:24:00,41350,41450,41350,41400,82700,VHM,CT
2024-11-04 14:25:00,41350,41350,41300,41300,28000,VHM,CT
2024-11-04 14:26:00,41300,41450,41300,41300,164900,VHM,CT
2024-11-04 14:27:00,41300,41500,41300,41450,143800,VHM,CT
2024-11-04 14:28:00,41450,41450,41400,41450,86700,VHM,CT
2024-11-04 14:29:00,41450,41450,41400,41400,142000,VHM,CT
2024-11-04 14:30:00,41450,41450,41450,41450,100,VHM,CT
2024-11-04 14:45:00,41500,41500,41500,41500,1188900,VHM,CT
2024-11-05 09:15:00,41500,41600,41500,41550,93200,VHM,CT
2024-11-05 09:16:00,41550,41650,41550,41600,26000,VHM,CT
2024-11-05 09:17:00,41600,41650,41600,41600,19200,VHM,CT
2024-11-05 09:18:00,41650,41650,41600,41650,56900,VHM,CT
2024-11-05 09:19:00,41650,41700,41600,41700,49000,VHM,CT
2024-11-05 09:20:00,41650,41750,41650,41700,134100,VHM,CT
2024-11-05 09:21:00,41700,41800,41650,41750,101800,VHM,CT
2024-11-05 09:22:00,41750,41750,41650,41700,49600,VHM,CT
2024-11-05 09:23:00,41650,41700,41650,41650,31000,VHM,CT
2024-11-05 09:24:00,41650,41650,41550,41600,86900,VHM,CT
2024-11-05 09:25:00,41600,41600,41550,41550,106400,VHM,CT
2024-11-05 09:26:00,41500,41600,41500,41500,6700,VHM,CT
2024-11-05 09:27:00,41500,41600,41450,41500,59800,VHM,CT
2024-11-05 09:28:00,41450,41500,41450,41450,26200,VHM,CT
2024-11-05 09:29:00,41450,41500,41450,41500,6400,VHM,CT
2024-11-05 09:30:00,41450,41500,41450,41450,119500,VHM,CT
2024-11-05 09:31:00,41450,41500,41450,41450,14300,VHM,CT
2024-11-05 09:32:00,41450,41500,41450,41500,18700,VHM,CT
2024-11-05 09:33:00,41500,41600,41500,41550,68100,VHM,CT
2024-11-05 09:34:00,41550,41600,41550,41550,22700,VHM,CT
2024-11-05 09:35:00,41550,41600,41550,41550,10500,VHM,CT
2024-11-05 09:36:00,41550,41550,41550,41550,7500,VHM,CT
2024-11-05 09:37:00,41550,41600,41550,41550,14700,VHM,CT
2024-11-05 09:38:00,41550,41600,41550,41600,48100,VHM,CT
2024-11-05 09:39:00,41600,41600,41600,41600,10800,VHM,CT
2024-11-05 09:40:00,41600,41650,41600,41650,44600,VHM,CT
2024-11-05 09:41:00,41650,41700,41600,41650,72200,VHM,CT
2024-11-05 09:42:00,41600,41650,41600,41600,36500,VHM,CT
2024-11-05 09:43:00,41600,41600,41550,41550,72300,VHM,CT
2024-11-05 09:44:00,41550,41550,41500,41550,36900,VHM,CT
2024-11-05 09:45:00,41550,41550,41500,41500,20600,VHM,CT
2024-11-05 09:46:00,41500,41550,41500,41500,60100,VHM,CT
2024-11-05 09:47:00,41500,41550,41500,41550,40000,VHM,CT
2024-11-05 09:48:00,41550,41600,41550,41550,15700,VHM,CT
2024-11-05 09:49:00,41550,41550,41500,41500,27600,VHM,CT
2024-11-05 09:50:00,41500,41550,41500,41500,5000,VHM,CT
2024-11-05 09:51:00,41500,41500,41500,41500,21800,VHM,CT
2024-11-05 09:52:00,41500,41550,41450,41450,81200,VHM,CT
2024-11-05 09:53:00,41450,41500,41450,41450,10300,VHM,CT
2024-11-05 09:54:00,41450,41450,41450,41450,13500,VHM,CT
2024-11-05 09:55:00,41450,41500,41450,41450,43100,VHM,CT
2024-11-05 09:56:00,41450,41500,41450,41450,16700,VHM,CT
2024-11-05 09:57:00,41450,41550,41450,41550,63300,VHM,CT
2024-11-05 09:58:00,41550,41550,41550,41550,14900,VHM,CT
2024-11-05 09:59:00,41550,41550,41500,41500,27000,VHM,CT
2024-11-05 10:00:00,41500,41550,41500,41500,23000,VHM,CT
2024-11-05 10:01:00,41500,41550,41500,41550,9400,VHM,CT
2024-11-05 10:02:00,41550,41550,41500,41500,28100,VHM,CT
2024-11-05 10:03:00,41500,41550,41500,41550,44800,VHM,CT
2024-11-05 10:04:00,41550,41550,41550,41550,36200,VHM,CT
2024-11-05 10:05:00,41550,41600,41550,41550,10100,VHM,CT
2024-11-05 10:06:00,41550,41550,41550,41550,14400,VHM,CT
2024-11-05 10:07:00,41550,41600,41550,41600,82200,VHM,CT
2024-11-05 10:08:00,41600,41600,41600,41600,41000,VHM,CT
2024-11-05 10:09:00,41600,41600,41600,41600,16500,VHM,CT
2024-11-05 10:10:00,41600,41600,41550,41600,22200,VHM,CT
2024-11-05 10:11:00,41550,41600,41500,41500,54400,VHM,CT
2024-11-05 10:12:00,41500,41550,41500,41500,23200,VHM,CT
2024-11-05 10:13:00,41500,41550,41500,41500,7900,VHM,CT
2024-11-05 10:14:00,41500,41550,41500,41550,35100,VHM,CT
2024-11-05 10:15:00,41550,41550,41550,41550,24400,VHM,CT
2024-11-05 10:16:00,41550,41550,41500,41500,44700,VHM,CT
2024-11-05 10:17:00,41550,41550,41500,41500,42900,VHM,CT
2024-11-05 10:18:00,41500,41550,41500,41500,54700,VHM,CT
2024-11-05 10:19:00,41500,41550,41500,41500,6600,VHM,CT
2024-11-05 10:20:00,41500,41550,41500,41500,5600,VHM,CT
2024-11-05 10:21:00,41500,41500,41500,41500,7700,VHM,CT
2024-11-05 10:22:00,41500,41500,41500,41500,4200,VHM,CT
2024-11-05 10:23:00,41500,41550,41500,41500,73100,VHM,CT
2024-11-05 10:24:00,41500,41550,41500,41500,37600,VHM,CT
2024-11-05 10:25:00,41500,41550,41500,41500,8900,VHM,CT
2024-11-05 10:26:00,41500,41500,41500,41500,15900,VHM,CT
2024-11-05 10:27:00,41500,41500,41500,41500,6500,VHM,CT
2024-11-05 10:28:00,41500,41500,41500,41500,54500,VHM,CT
2024-11-05 10:29:00,41500,41500,41500,41500,5200,VHM,CT
2024-11-05 10:30:00,41500,41550,41500,41500,105000,VHM,CT
2024-11-05 10:31:00,41500,41500,41500,41500,7000,VHM,CT
2024-11-05 10:32:00,41500,41550,41500,41500,15800,VHM,CT
2024-11-05 10:33:00,41500,41550,41500,41500,68600,VHM,CT
2024-11-05 10:34:00,41500,41550,41500,41550,106600,VHM,CT
2024-11-05 10:35:00,41550,41600,41550,41550,10000,VHM,CT
2024-11-05 10:36:00,41550,41600,41550,41550,9700,VHM,CT
2024-11-05 10:37:00,41550,41550,41550,41550,5700,VHM,CT
2024-11-05 10:38:00,41550,41550,41550,41550,85700,VHM,CT
2024-11-05 10:39:00,41550,41550,41500,41500,28200,VHM,CT
2024-11-05 10:40:00,41500,41550,41500,41550,27000,VHM,CT
2024-11-05 10:41:00,41550,41550,41550,41550,31200,VHM,CT
2024-11-05 10:42:00,41550,41550,41550,41550,18900,VHM,CT
2024-11-05 10:43:00,41550,41550,41500,41500,22300,VHM,CT
2024-11-05 10:44:00,41500,41550,41500,41550,43300,VHM,CT
2024-11-05 10:45:00,41550,41550,41500,41500,55600,VHM,CT
2024-11-05 10:46:00,41500,41550,41500,41500,21900,VHM,CT
2024-11-05 10:47:00,41500,41550,41500,41500,105300,VHM,CT
2024-11-05 10:48:00,41500,41550,41500,41500,8400,VHM,CT
2024-11-05 10:49:00,41500,41550,41500,41500,106500,VHM,CT
2024-11-05 10:50:00,41500,41500,41500,41500,141300,VHM,CT
2024-11-05 10:51:00,41500,41500,41500,41500,75000,VHM,CT
2024-11-05 10:52:00,41500,41500,41500,41500,6600,VHM,CT
2024-11-05 10:53:00,41500,41500,41500,41500,38600,VHM,CT
2024-11-05 10:54:00,41500,41550,41500,41500,6500,VHM,CT
2024-11-05 10:55:00,41500,41550,41500,41550,23600,VHM,CT
2024-11-05 10:56:00,41500,41550,41500,41500,4300,VHM,CT
2024-11-05 10:57:00,41500,41550,41500,41550,44600,VHM,CT
2024-11-05 10:58:00,41500,41500,41500,41500,18800,VHM,CT
2024-11-05 10:59:00,41500,41550,41500,41500,12200,VHM,CT
2024-11-05 11:00:00,41500,41500,41500,41500,6500,VHM,CT
2024-11-05 11:01:00,41500,41500,41500,41500,5900,VHM,CT
2024-11-05 11:02:00,41500,41550,41500,41500,7700,VHM,CT
2024-11-05 11:03:00,41500,41550,41500,41550,82200,VHM,CT
2024-11-05 11:04:00,41550,41600,41500,41500,25200,VHM,CT
2024-11-05 11:05:00,41500,41500,41500,41500,5600,VHM,CT
2024-11-05 11:06:00,41550,41550,41500,41500,6500,VHM,CT
2024-11-05 11:07:00,41500,41500,41500,41500,14700,VHM,CT
2024-11-05 11:08:00,41500,41550,41500,41500,45500,VHM,CT
2024-11-05 11:09:00,41500,41550,41500,41500,6400,VHM,CT
2024-11-05 11:10:00,41550,41550,41500,41500,1400,VHM,CT
2024-11-05 11:11:00,41500,41500,41500,41500,4900,VHM,CT
2024-11-05 11:12:00,41500,41550,41500,41500,2400,VHM,CT
2024-11-05 11:13:00,41500,41550,41500,41500,4200,VHM,CT
2024-11-05 11:14:00,41500,41550,41500,41550,25200,VHM,CT
2024-11-05 11:15:00,41550,41550,41550,41550,2800,VHM,CT
2024-11-05 11:16:00,41550,41550,41500,41500,37900,VHM,CT
2024-11-05 11:17:00,41500,41550,41500,41500,29600,VHM,CT
2024-11-05 11:18:00,41500,41550,41500,41550,60900,VHM,CT
2024-11-05 11:19:00,41550,41550,41550,41550,26200,VHM,CT
2024-11-05 11:20:00,41550,41550,41550,41550,22800,VHM,CT
2024-11-05 11:21:00,41550,41550,41500,41500,8600,VHM,CT
2024-11-05 11:22:00,41500,41500,41500,41500,1700,VHM,CT
2024-11-05 11:23:00,41500,41550,41500,41500,2800,VHM,CT
2024-11-05 11:24:00,41500,41550,41500,41550,37600,VHM,CT
2024-11-05 11:25:00,41550,41550,41550,41550,6500,VHM,CT
2024-11-05 11:26:00,41550,41550,41550,41550,26200,VHM,CT
2024-11-05 11:27:00,41550,41550,41550,41550,8500,VHM,CT
2024-11-05 11:28:00,41550,41550,41550,41550,3000,VHM,CT
2024-11-05 11:29:00,41550,41550,41550,41550,31100,VHM,CT
2024-11-05 13:00:00,41550,41600,41500,41550,58600,VHM,CT
2024-11-05 13:01:00,41500,41500,41500,41500,1400,VHM,CT
2024-11-05 13:02:00,41500,41500,41500,41500,3900,VHM,CT
2024-11-05 13:03:00,41500,41550,41500,41500,7500,VHM,CT
2024-11-05 13:04:00,41500,41550,41500,41500,527800,VHM,CT
2024-11-05 13:05:00,41500,41550,41500,41550,803000,VHM,CT
2024-11-05 13:06:00,41550,41600,41550,41550,805300,VHM,CT
2024-11-05 13:07:00,41550,41550,41550,41550,734300,VHM,CT
2024-11-05 13:08:00,41550,41550,41500,41550,164400,VHM,CT
2024-11-05 13:09:00,41550,41550,41500,41550,134500,VHM,CT
2024-11-05 13:10:00,41500,41550,41500,41550,13000,VHM,CT
2024-11-05 13:11:00,41550,41550,41500,41500,6900,VHM,CT
2024-11-05 13:12:00,41500,41550,41500,41500,11100,VHM,CT
2024-11-05 13:13:00,41500,41550,41500,41550,140900,VHM,CT
2024-11-05 13:14:00,41550,41600,41550,41550,24200,VHM,CT
2024-11-05 13:15:00,41550,41550,41550,41550,4400,VHM,CT
2024-11-05 13:16:00,41550,41600,41550,41550,8100,VHM,CT
2024-11-05 13:17:00,41550,41550,41550,41550,8600,VHM,CT
2024-11-05 13:18:00,41550,41550,41550,41550,31200,VHM,CT
2024-11-05 13:19:00,41550,41600,41550,41550,15500,VHM,CT
2024-11-05 13:20:00,41550,41650,41550,41650,129400,VHM,CT
2024-11-05 13:21:00,41600,41650,41600,41650,15000,VHM,CT
2024-11-05 13:22:00,41600,41650,41600,41600,8000,VHM,CT
2024-11-05 13:23:00,41650,41650,41600,41600,11900,VHM,CT
2024-11-05 13:24:00,41650,41650,41600,41600,24600,VHM,CT
2024-11-05 13:25:00,41600,41700,41600,41650,85900,VHM,CT
2024-11-05 13:26:00,41650,41700,41650,41650,5800,VHM,CT
2024-11-05 13:27:00,41650,41700,41600,41600,66800,VHM,CT
2024-11-05 13:28:00,41650,41700,41600,41600,33400,VHM,CT
2024-11-05 13:29:00,41600,41650,41550,41600,207900,VHM,CT
2024-11-05 13:30:00,41600,41650,41600,41600,37000,VHM,CT
2024-11-05 13:31:00,41600,41650,41550,41550,66300,VHM,CT
2024-11-05 13:32:00,41550,41600,41550,41550,7700,VHM,CT
2024-11-05 13:33:00,41550,41600,41550,41550,46700,VHM,CT
2024-11-05 13:34:00,41550,41600,41550,41600,12700,VHM,CT
2024-11-05 13:35:00,41550,41600,41550,41600,29100,VHM,CT
2024-11-05 13:36:00,41550,41600,41550,41550,10100,VHM,CT
2024-11-05 13:37:00,41550,41600,41550,41550,26700,VHM,CT
2024-11-05 13:38:00,41550,41550,41550,41550,8700,VHM,CT
2024-11-05 13:39:00,41600,41600,41550,41600,60900,VHM,CT
2024-11-05 13:40:00,41600,41600,41550,41550,316700,VHM,CT
2024-11-05 13:41:00,41550,41600,41550,41550,1323700,VHM,CT
2024-11-05 13:42:00,41550,41600,41550,41600,523600,VHM,CT
2024-11-05 13:43:00,41600,41600,41550,41600,71200,VHM,CT
2024-11-05 13:44:00,41600,41600,41550,41600,69300,VHM,CT
2024-11-05 13:45:00,41600,41600,41550,41550,44500,VHM,CT
2024-11-05 13:46:00,41550,41600,41550,41550,14500,VHM,CT
2024-11-05 13:47:00,41550,41550,41550,41550,204200,VHM,CT
2024-11-05 13:48:00,41550,41550,41550,41550,14700,VHM,CT
2024-11-05 13:49:00,41550,41600,41550,41550,8900,VHM,CT
2024-11-05 13:50:00,41550,41550,41550,41550,34700,VHM,CT
2024-11-05 13:51:00,41550,41550,41500,41500,54800,VHM,CT
2024-11-05 13:52:00,41500,41550,41500,41500,318500,VHM,CT
2024-11-05 13:53:00,41500,41550,41500,41550,21400,VHM,CT
2024-11-05 13:54:00,41500,41550,41500,41500,9300,VHM,CT
2024-11-05 13:55:00,41550,41550,41500,41500,22900,VHM,CT
2024-11-05 13:56:00,41500,41500,41500,41500,43800,VHM,CT
2024-11-05 13:57:00,41450,41500,41450,41450,100500,VHM,CT
2024-11-05 13:58:00,41450,41500,41400,41400,53800,VHM,CT
2024-11-05 13:59:00,41400,41450,41400,41450,17600,VHM,CT
2024-11-05 14:00:00,41400,41450,41400,41400,9400,VHM,CT
2024-11-05 14:01:00,41400,41450,41400,41400,19600,VHM,CT
2024-11-05 14:02:00,41400,41450,41400,41400,7000,VHM,CT
2024-11-05 14:03:00,41400,41450,41400,41400,29800,VHM,CT
2024-11-05 14:04:00,41400,41450,41400,41400,19100,VHM,CT
2024-11-05 14:05:00,41400,41450,41400,41400,6700,VHM,CT
2024-11-05 14:06:00,41400,41450,41400,41400,12600,VHM,CT
2024-11-05 14:07:00,41400,41450,41350,41350,154200,VHM,CT
2024-11-05 14:08:00,41350,41400,41350,41400,5500,VHM,CT
2024-11-05 14:09:00,41350,41400,41350,41350,28900,VHM,CT
2024-11-05 14:10:00,41350,41400,41350,41350,54400,VHM,CT
2024-11-05 14:11:00,41350,41350,41250,41250,243000,VHM,CT
2024-11-05 14:12:00,41250,41350,41250,41350,70500,VHM,CT
2024-11-05 14:13:00,41350,41450,41350,41450,99500,VHM,CT
2024-11-05 14:14:00,41450,41500,41450,41500,91500,VHM,CT
2024-11-05 14:15:00,41500,41550,41500,41500,16200,VHM,CT
2024-11-05 14:16:00,41500,41500,41400,41400,45500,VHM,CT
2024-11-05 14:17:00,41400,41500,41400,41500,65700,VHM,CT
2024-11-05 14:18:00,41500,41500,41500,41500,11000,VHM,CT
2024-11-05 14:19:00,41500,41500,41450,41450,29100,VHM,CT
2024-11-05 14:20:00,41450,41450,41450,41450,17400,VHM,CT
2024-11-05 14:21:00,41450,41450,41400,41450,45800,VHM,CT
2024-11-05 14:22:00,41450,41450,41450,41450,22700,VHM,CT
2024-11-05 14:23:00,41500,41500,41400,41400,28500,VHM,CT
2024-11-05 14:24:00,41400,41450,41400,41400,20400,VHM,CT
2024-11-05 14:25:00,41400,41450,41350,41450,80300,VHM,CT
2024-11-05 14:26:00,41450,41450,41450,41450,15200,VHM,CT
2024-11-05 14:27:00,41450,41500,41450,41450,7500,VHM,CT
2024-11-05 14:28:00,41450,41450,41400,41400,26800,VHM,CT
2024-11-05 14:29:00,41450,41500,41400,41450,26200,VHM,CT
2024-11-05 14:30:00,41450,41450,41450,41450,100,VHM,CT
2024-11-05 14:45:00,41500,41500,41500,41500,605300,VHM,CT
2024-11-06 09:15:00,41500,41600,41500,41550,105100,VHM,CT
2024-11-06 09:16:00,41550,41600,41550,41600,6200,VHM,CT
2024-11-06 09:17:00,41600,41600,41550,41550,34100,VHM,CT
2024-11-06 09:18:00,41550,41550,41500,41550,10900,VHM,CT
2024-11-06 09:19:00,41550,41550,41500,41500,10500,VHM,CT
2024-11-06 09:20:00,41500,41500,41450,41450,73100,VHM,CT
2024-11-06 09:21:00,41500,41500,41450,41450,16100,VHM,CT
2024-11-06 09:22:00,41450,41500,41400,41450,27300,VHM,CT
2024-11-06 09:23:00,41450,41500,41450,41450,3800,VHM,CT
2024-11-06 09:24:00,41450,41450,41450,41450,7100,VHM,CT
2024-11-06 09:25:00,41450,41450,41400,41400,14600,VHM,CT
2024-11-06 09:26:00,41400,41450,41400,41400,12100,VHM,CT
2024-11-06 09:27:00,41450,41450,41400,41400,52300,VHM,CT
2024-11-06 09:28:00,41400,41450,41400,41400,3300,VHM,CT
2024-11-06 09:29:00,41400,41450,41400,41400,25600,VHM,CT
2024-11-06 09:30:00,41450,41450,41400,41450,17600,VHM,CT
2024-11-06 09:31:00,41450,41450,41400,41400,13200,VHM,CT
2024-11-06 09:32:00,41450,41450,41400,41450,17400,VHM,CT
2024-11-06 09:33:00,41450,41450,41400,41400,42600,VHM,CT
2024-11-06 09:34:00,41400,41400,41400,41400,34900,VHM,CT
2024-11-06 09:35:00,41450,41450,41400,41400,29600,VHM,CT
2024-11-06 09:36:00,41400,41450,41400,41450,12900,VHM,CT
2024-11-06 09:37:00,41450,41450,41400,41450,13500,VHM,CT
2024-11-06 09:38:00,41450,41450,41400,41450,17700,VHM,CT
2024-11-06 09:39:00,41450,41450,41450,41450,503000,VHM,CT
2024-11-06 09:40:00,41450,41450,41400,41400,1206200,VHM,CT
2024-11-06 09:41:00,41400,41450,41400,41400,577800,VHM,CT
2024-11-06 09:42:00,41400,41400,41350,41400,36300,VHM,CT
2024-11-06 09:43:00,41400,41400,41400,41400,18400,VHM,CT
2024-11-06 09:44:00,41400,41450,41400,41400,9600,VHM,CT
2024-11-06 09:45:00,41400,41400,41400,41400,12500,VHM,CT
2024-11-06 09:46:00,41350,41400,41350,41400,23600,VHM,CT
2024-11-06 09:47:00,41400,41450,41400,41450,58300,VHM,CT
2024-11-06 09:48:00,41450,41450,41400,41400,40800,VHM,CT
2024-11-06 09:49:00,41450,41450,41400,41450,36400,VHM,CT
2024-11-06 09:50:00,41450,41450,41400,41450,27400,VHM,CT
2024-11-06 09:51:00,41450,41450,41400,41450,14800,VHM,CT
2024-11-06 09:52:00,41450,41450,41450,41450,3200,VHM,CT
2024-11-06 09:53:00,41450,41450,41450,41450,2200,VHM,CT
2024-11-06 09:54:00,41450,41450,41400,41400,2500,VHM,CT
2024-11-06 09:55:00,41450,41450,41400,41450,61200,VHM,CT
2024-11-06 09:56:00,41450,41450,41400,41450,2400,VHM,CT
2024-11-06 09:57:00,41400,41450,41400,41400,3300,VHM,CT
2024-11-06 09:58:00,41400,41450,41400,41400,14500,VHM,CT
2024-11-06 09:59:00,41400,41450,41400,41450,900,VHM,CT
2024-11-06 10:00:00,41400,41400,41400,41400,8000,VHM,CT
2024-11-06 10:01:00,41400,41400,41400,41400,2700,VHM,CT
2024-11-06 10:02:00,41400,41450,41400,41400,104800,VHM,CT
2024-11-06 10:03:00,41400,41450,41400,41450,69100,VHM,CT
2024-11-06 10:04:00,41400,41500,41400,41500,92700,VHM,CT
2024-11-06 10:05:00,41450,41500,41450,41450,44300,VHM,CT
2024-11-06 10:06:00,41450,41500,41450,41450,31300,VHM,CT
2024-11-06 10:07:00,41450,41500,41450,41450,34500,VHM,CT
2024-11-06 10:08:00,41450,41500,41450,41500,41900,VHM,CT
2024-11-06 10:09:00,41500,41600,41450,41600,73100,VHM,CT
2024-11-06 10:10:00,41550,41600,41500,41600,39900,VHM,CT
2024-11-06 10:11:00,41600,41600,41550,41600,51100,VHM,CT
2024-11-06 10:12:00,41550,41550,41550,41550,630000,VHM,CT
2024-11-06 10:13:00,41550,41600,41500,41550,487100,VHM,CT
2024-11-06 10:14:00,41550,41650,41500,41600,155200,VHM,CT
2024-11-06 10:15:00,41600,41700,41600,41650,66000,VHM,CT
2024-11-06 10:16:00,41650,41650,41550,41600,11600,VHM,CT
2024-11-06 10:17:00,41600,41600,41550,41600,33500,VHM,CT
2024-11-06 10:18:00,41550,41550,41550,41550,11400,VHM,CT
2024-11-06 10:19:00,41550,41550,41500,41550,11800,VHM,CT
2024-11-06 10:20:00,41550,41550,41500,41550,800,VHM,CT
2024-11-06 10:21:00,41500,41550,41450,41500,53000,VHM,CT
2024-11-06 10:22:00,41450,41500,41450,41500,1800,VHM,CT
2024-11-06 10:23:00,41500,41500,41450,41450,6500,VHM,CT
2024-11-06 10:24:00,41450,41450,41450,41450,13600,VHM,CT
2024-11-06 10:25:00,41450,41450,41450,41450,2100,VHM,CT
2024-11-06 10:26:00,41450,41500,41450,41500,6000,VHM,CT
2024-11-06 10:27:00,41500,41500,41450,41450,3900,VHM,CT
2024-11-06 10:28:00,41500,41500,41450,41450,2500,VHM,CT
2024-11-06 10:29:00,41500,41500,41450,41450,400,VHM,CT
2024-11-06 10:30:00,41500,41500,41450,41500,23200,VHM,CT
2024-11-06 10:31:00,41500,41500,41450,41500,8100,VHM,CT
2024-11-06 10:32:00,41500,41500,41450,41450,25100,VHM,CT
2024-11-06 10:33:00,41450,41450,41450,41450,5600,VHM,CT
2024-11-06 10:34:00,41500,41500,41450,41450,21500,VHM,CT
2024-11-06 10:35:00,41450,41450,41450,41450,12400,VHM,CT
2024-11-06 10:36:00,41450,41450,41450,41450,1400,VHM,CT
2024-11-06 10:37:00,41500,41500,41450,41450,2200,VHM,CT
2024-11-06 10:38:00,41450,41450,41400,41450,22800,VHM,CT
2024-11-06 10:39:00,41400,41500,41400,41500,34500,VHM,CT
2024-11-06 10:40:00,41500,41500,41450,41450,12300,VHM,CT
2024-11-06 10:41:00,41450,41450,41450,41450,1100,VHM,CT
2024-11-06 10:42:00,41450,41450,41400,41400,24100,VHM,CT
2024-11-06 10:43:00,41400,41450,41400,41450,2300,VHM,CT
2024-11-06 10:44:00,41400,41450,41400,41400,1200,VHM,CT
2024-11-06 10:45:00,41400,41400,41400,41400,21300,VHM,CT
2024-11-06 10:46:00,41400,41450,41400,41400,1400,VHM,CT
2024-11-06 10:47:00,41450,41450,41400,41400,7300,VHM,CT
2024-11-06 10:48:00,41450,41450,41400,41400,3100,VHM,CT
2024-11-06 10:49:00,41400,41400,41400,41400,3000,VHM,CT
2024-11-06 10:50:00,41400,41450,41400,41450,40300,VHM,CT
2024-11-06 10:51:00,41450,41450,41450,41450,28200,VHM,CT
2024-11-06 10:52:00,41450,41450,41450,41450,27300,VHM,CT
2024-11-06 10:53:00,41400,41400,41400,41400,11300,VHM,CT
2024-11-06 10:54:00,41400,41500,41400,41450,67500,VHM,CT
2024-11-06 10:55:00,41450,41450,41450,41450,7600,VHM,CT
2024-11-06 10:56:00,41450,41450,41450,41450,27000,VHM,CT
2024-11-06 10:57:00,41450,41450,41450,41450,4300,VHM,CT
2024-11-06 10:58:00,41450,41450,41450,41450,3500,VHM,CT
2024-11-06 10:59:00,41450,41450,41450,41450,2700,VHM,CT
2024-11-06 11:00:00,41500,41500,41450,41450,19100,VHM,CT
2024-11-06 11:01:00,41450,41450,41400,41400,33400,VHM,CT
2024-11-06 11:02:00,41400,41450,41400,41450,34600,VHM,CT
2024-11-06 11:03:00,41450,41500,41450,41450,29700,VHM,CT
2024-11-06 11:04:00,41450,41500,41450,41500,13700,VHM,CT
2024-11-06 11:05:00,41450,41500,41450,41450,15700,VHM,CT
2024-11-06 11:06:00,41450,41450,41400,41400,14300,VHM,CT
2024-11-06 11:07:00,41400,41450,41400,41450,52900,VHM,CT
2024-11-06 11:08:00,41450,41500,41450,41450,12900,VHM,CT
2024-11-06 11:09:00,41450,41450,41450,41450,28300,VHM,CT
2024-11-06 11:10:00,41400,41500,41400,41450,7000,VHM,CT
2024-11-06 11:11:00,41500,41500,41450,41450,10000,VHM,CT
2024-11-06 11:12:00,41450,41500,41450,41500,15600,VHM,CT
2024-11-06 11:13:00,41450,41500,41450,41450,3700,VHM,CT
2024-11-06 11:14:00,41450,41450,41450,41450,5100,VHM,CT
2024-11-06 11:15:00,41450,41450,41450,41450,11300,VHM,CT
2024-11-06 11:16:00,41450,41450,41400,41400,26200,VHM,CT
2024-11-06 11:17:00,41400,41400,41400,41400,2700,VHM,CT
2024-11-06 11:18:00,41400,41450,41400,41400,6300,VHM,CT
2024-11-06 11:19:00,41400,41450,41400,41400,800,VHM,CT
2024-11-06 11:20:00,41400,41450,41400,41400,18500,VHM,CT
2024-11-06 11:21:00,41450,41450,41400,41450,18000,VHM,CT
2024-11-06 11:22:00,41400,41450,41400,41400,10900,VHM,CT
2024-11-06 11:23:00,41400,41450,41400,41450,66300,VHM,CT
2024-11-06 11:24:00,41400,41450,41400,41450,154700,VHM,CT
2024-11-06 11:25:00,41400,41400,41400,41400,1400,VHM,CT
2024-11-06 11:26:00,41400,41450,41400,41450,2400,VHM,CT
2024-11-06 11:27:00,41400,41450,41400,41400,33800,VHM,CT
2024-11-06 11:28:00,41400,41450,41400,41400,5800,VHM,CT
2024-11-06 11:29:00,41400,41450,41400,41450,68100,VHM,CT
2024-11-06 13:00:00,41450,41500,41450,41450,88900,VHM,CT
2024-11-06 13:01:00,41450,41500,41450,41450,2200,VHM,CT
2024-11-06 13:02:00,41500,41500,41450,41450,6600,VHM,CT
2024-11-06 13:03:00,41450,41450,41450,41450,3800,VHM,CT
2024-11-06 13:04:00,41450,41500,41450,41500,3400,VHM,CT
2024-11-06 13:05:00,41450,41500,41450,41450,1200,VHM,CT
2024-11-06 13:06:00,41450,41450,41400,41400,232500,VHM,CT
2024-11-06 13:07:00,41400,41450,41400,41400,5800,VHM,CT
2024-11-06 13:08:00,41400,41450,41400,41400,1800,VHM,CT
2024-11-06 13:09:00,41400,41450,41400,41400,42100,VHM,CT
2024-11-06 13:10:00,41450,41450,41400,41400,39100,VHM,CT
2024-11-06 13:11:00,41400,41450,41400,41400,39900,VHM,CT
2024-11-06 13:12:00,41400,41450,41350,41400,30500,VHM,CT
2024-11-06 13:13:00,41400,41400,41350,41400,9000,VHM,CT
2024-11-06 13:14:00,41400,41450,41400,41400,29800,VHM,CT
2024-11-06 13:15:00,41450,41450,41400,41400,31200,VHM,CT
2024-11-06 13:16:00,41400,41400,41400,41400,2100,VHM,CT
2024-11-06 13:17:00,41400,41400,41300,41300,202800,VHM,CT
2024-11-06 13:18:00,41350,41350,41350,41350,16500,VHM,CT
2024-11-06 13:19:00,41350,41400,41300,41350,24900,VHM,CT
2024-11-06 13:20:00,41350,41350,41350,41350,23000,VHM,CT
2024-11-06 13:21:00,41350,41400,41350,41350,17700,VHM,CT
2024-11-06 13:22:00,41350,41350,41350,41350,11900,VHM,CT
2024-11-06 13:23:00,41350,41350,41350,41350,78800,VHM,CT
2024-11-06 13:24:00,41350,41350,41350,41350,23200,VHM,CT
2024-11-06 13:25:00,41350,41400,41350,41350,9400,VHM,CT
2024-11-06 13:26:00,41350,41400,41350,41350,4100,VHM,CT
2024-11-06 13:27:00,41350,41400,41350,41350,17500,VHM,CT
2024-11-06 13:28:00,41350,41400,41350,41400,4500,VHM,CT
2024-11-06 13:29:00,41350,41400,41350,41400,40700,VHM,CT
2024-11-06 13:30:00,41400,41400,41350,41400,90200,VHM,CT
2024-11-06 13:31:00,41350,41400,41350,41400,55300,VHM,CT
2024-11-06 13:32:00,41400,41400,41350,41400,33000,VHM,CT
2024-11-06 13:33:00,41350,41400,41350,41400,20300,VHM,CT
2024-11-06 13:34:00,41350,41400,41350,41350,78900,VHM,CT
2024-11-06 13:35:00,41350,41400,41300,41350,123100,VHM,CT
2024-11-06 13:36:00,41300,41400,41300,41350,229600,VHM,CT
2024-11-06 13:37:00,41350,41400,41350,41350,379600,VHM,CT
2024-11-06 13:38:00,41350,41400,41350,41350,554600,VHM,CT
2024-11-06 13:39:00,41400,41400,41350,41350,466500,VHM,CT
2024-11-06 13:40:00,41350,41400,41350,41400,795700,VHM,CT
2024-11-06 13:41:00,41400,41400,41350,41350,669900,VHM,CT
2024-11-06 13:42:00,41400,41400,41350,41400,289400,VHM,CT
2024-11-06 13:43:00,41400,41450,41400,41450,68200,VHM,CT
2024-11-06 13:44:00,41450,41450,41400,41400,648700,VHM,CT
2024-11-06 13:45:00,41400,41450,41400,41400,478400,VHM,CT
2024-11-06 13:46:00,41450,41450,41400,41450,66800,VHM,CT
2024-11-06 13:47:00,41400,41450,41400,41450,76800,VHM,CT
2024-11-06 13:48:00,41450,41450,41400,41400,47300,VHM,CT
2024-11-06 13:49:00,41450,41450,41400,41450,94100,VHM,CT
2024-11-06 13:50:00,41450,41500,41400,41450,57900,VHM,CT
2024-11-06 13:51:00,41450,41450,41400,41450,23800,VHM,CT
2024-11-06 13:52:00,41400,41450,41400,41400,6700,VHM,CT
2024-11-06 13:53:00,41450,41450,41400,41400,28700,VHM,CT
2024-11-06 13:54:00,41400,41450,41400,41400,14100,VHM,CT
2024-11-06 13:55:00,41450,41450,41400,41400,14800,VHM,CT
2024-11-06 13:56:00,41400,41450,41400,41450,18200,VHM,CT
2024-11-06 13:57:00,41400,41450,41400,41450,14000,VHM,CT
2024-11-06 13:58:00,41450,41500,41400,41450,54600,VHM,CT
2024-11-06 13:59:00,41500,41500,41450,41500,30000,VHM,CT
2024-11-06 14:00:00,41450,41500,41450,41500,27600,VHM,CT
2024-11-06 14:01:00,41500,41500,41450,41450,76100,VHM,CT
2024-11-06 14:02:00,41500,41500,41450,41500,50400,VHM,CT
2024-11-06 14:03:00,41500,41550,41500,41550,37700,VHM,CT
2024-11-06 14:04:00,41500,41550,41500,41550,77200,VHM,CT
2024-11-06 14:05:00,41500,41600,41500,41550,230700,VHM,CT
2024-11-06 14:06:00,41500,41600,41500,41550,16900,VHM,CT
2024-11-06 14:07:00,41550,41600,41550,41600,29000,VHM,CT
2024-11-06 14:08:00,41600,41650,41550,41600,25300,VHM,CT
2024-11-06 14:09:00,41600,41650,41550,41550,63000,VHM,CT
2024-11-06 14:10:00,41600,41600,41550,41600,21900,VHM,CT
2024-11-06 14:11:00,41550,41600,41550,41600,46300,VHM,CT
2024-11-06 14:12:00,41600,41600,41550,41600,31800,VHM,CT
2024-11-06 14:13:00,41550,41600,41550,41600,32300,VHM,CT
2024-11-06 14:14:00,41600,41600,41550,41550,73500,VHM,CT
2024-11-06 14:15:00,41550,41600,41550,41600,17600,VHM,CT
2024-11-06 14:16:00,41550,41600,41550,41550,14300,VHM,CT
2024-11-06 14:17:00,41600,41600,41550,41550,144300,VHM,CT
2024-11-06 14:18:00,41550,41550,41500,41500,34600,VHM,CT
2024-11-06 14:19:00,41500,41550,41500,41500,49100,VHM,CT
2024-11-06 14:20:00,41500,41550,41500,41500,38100,VHM,CT
2024-11-06 14:21:00,41500,41550,41500,41500,24100,VHM,CT
2024-11-06 14:22:00,41500,41550,41500,41550,79600,VHM,CT
2024-11-06 14:23:00,41500,41550,41500,41500,29400,VHM,CT
2024-11-06 14:24:00,41500,41550,41500,41500,15300,VHM,CT
2024-11-06 14:25:00,41500,41550,41500,41500,19800,VHM,CT
2024-11-06 14:26:00,41500,41550,41500,41500,11400,VHM,CT
2024-11-06 14:27:00,41550,41550,41450,41500,178600,VHM,CT
2024-11-06 14:28:00,41500,41550,41450,41550,76000,VHM,CT
2024-11-06 14:29:00,41600,41600,41550,41550,24800,VHM,CT
2024-11-06 14:45:00,41550,41550,41550,41550,369600,VHM,CT
2024-11-07 09:15:00,41700,41700,41650,41650,245000,VHM,CT
2024-11-07 09:16:00,41650,41650,41600,41600,31600,VHM,CT
2024-11-07 09:17:00,41600,41700,41600,41650,39700,VHM,CT
2024-11-07 09:18:00,41650,41700,41600,41650,39000,VHM,CT
2024-11-07 09:19:00,41650,41700,41600,41650,29500,VHM,CT
2024-11-07 09:20:00,41650,41650,41650,41650,28300,VHM,CT
2024-11-07 09:21:00,41650,41700,41650,41650,18100,VHM,CT
2024-11-07 09:22:00,41700,41700,41650,41700,12800,VHM,CT
2024-11-07 09:23:00,41650,41700,41650,41650,21100,VHM,CT
2024-11-07 09:24:00,41650,41700,41650,41650,15700,VHM,CT
2024-11-07 09:25:00,41650,41700,41650,41650,45300,VHM,CT
2024-11-07 09:26:00,41650,41650,41650,41650,23000,VHM,CT
2024-11-07 09:27:00,41650,41650,41600,41600,8700,VHM,CT
2024-11-07 09:28:00,41600,41600,41600,41600,52700,VHM,CT
2024-11-07 09:29:00,41600,41650,41600,41600,29300,VHM,CT
2024-11-07 09:30:00,41600,41600,41600,41600,60200,VHM,CT
2024-11-07 09:31:00,41600,41600,41550,41600,35000,VHM,CT
2024-11-07 09:32:00,41600,41600,41600,41600,10600,VHM,CT
2024-11-07 09:33:00,41600,41600,41550,41600,234800,VHM,CT
2024-11-07 09:34:00,41600,41650,41600,41600,952500,VHM,CT
2024-11-07 09:35:00,41600,41650,41600,41600,470600,VHM,CT
2024-11-07 09:36:00,41600,41650,41600,41650,28700,VHM,CT
2024-11-07 09:37:00,41600,41650,41600,41600,19900,VHM,CT
2024-11-07 09:38:00,41600,41650,41600,41650,47700,VHM,CT
2024-11-07 09:39:00,41650,41650,41600,41650,595000,VHM,CT
2024-11-07 09:40:00,41650,41650,41600,41650,892600,VHM,CT
2024-11-07 09:41:00,41650,41650,41650,41650,367000,VHM,CT
2024-11-07 09:42:00,41650,41650,41600,41650,23300,VHM,CT
2024-11-07 09:43:00,41650,41650,41600,41600,26500,VHM,CT
2024-11-07 09:44:00,41650,41650,41600,41600,2600,VHM,CT
2024-11-07 09:45:00,41600,41600,41600,41600,10600,VHM,CT
2024-11-07 09:46:00,41650,41650,41600,41650,7600,VHM,CT
2024-11-07 09:47:00,41650,41650,41600,41600,14700,VHM,CT
2024-11-07 09:48:00,41650,41650,41600,41600,3100,VHM,CT
2024-11-07 09:49:00,41600,41600,41600,41600,23600,VHM,CT
2024-11-07 09:50:00,41600,41650,41550,41550,134800,VHM,CT
2024-11-07 09:51:00,41550,41550,41500,41500,153000,VHM,CT
2024-11-07 09:52:00,41550,41550,41500,41550,20600,VHM,CT
2024-11-07 09:53:00,41550,41550,41500,41550,17900,VHM,CT
2024-11-07 09:54:00,41550,41550,41550,41550,10500,VHM,CT
2024-11-07 09:55:00,41550,41600,41500,41600,27400,VHM,CT
2024-11-07 09:56:00,41550,41550,41550,41550,18700,VHM,CT
2024-11-07 09:57:00,41550,41550,41500,41500,39600,VHM,CT
2024-11-07 09:58:00,41500,41550,41500,41550,29000,VHM,CT
2024-11-07 09:59:00,41500,41550,41500,41500,5800,VHM,CT
2024-11-07 10:00:00,41500,41550,41500,41500,4000,VHM,CT
2024-11-07 10:01:00,41500,41500,41500,41500,9300,VHM,CT
2024-11-07 10:02:00,41500,41500,41500,41500,16000,VHM,CT
2024-11-07 10:03:00,41500,41500,41500,41500,8600,VHM,CT
2024-11-07 10:04:00,41550,41550,41500,41500,86100,VHM,CT
2024-11-07 10:05:00,41500,41500,41450,41500,106700,VHM,CT
2024-11-07 10:06:00,41500,41500,41500,41500,34700,VHM,CT
2024-11-07 10:07:00,41500,41550,41500,41500,45300,VHM,CT
2024-11-07 10:08:00,41500,41550,41500,41500,2900,VHM,CT
2024-11-07 10:09:00,41550,41550,41500,41500,16900,VHM,CT
2024-11-07 10:10:00,41500,41550,41500,41550,33100,VHM,CT
2024-11-07 10:11:00,41550,41550,41500,41550,12100,VHM,CT
2024-11-07 10:12:00,41550,41550,41500,41500,24200,VHM,CT
2024-11-07 10:13:00,41500,41500,41500,41500,19200,VHM,CT
2024-11-07 10:14:00,41550,41550,41500,41550,2900,VHM,CT
2024-11-07 10:15:00,41500,41550,41500,41500,20500,VHM,CT
2024-11-07 10:16:00,41500,41550,41500,41550,71400,VHM,CT
2024-11-07 10:17:00,41550,41550,41500,41550,10200,VHM,CT
2024-11-07 10:18:00,41550,41550,41500,41550,18800,VHM,CT
2024-11-07 10:19:00,41500,41550,41500,41500,45100,VHM,CT
2024-11-07 10:20:00,41500,41550,41500,41550,6900,VHM,CT
2024-11-07 10:21:00,41500,41550,41500,41500,12200,VHM,CT
2024-11-07 10:22:00,41500,41500,41500,41500,8000,VHM,CT
2024-11-07 10:23:00,41500,41500,41500,41500,28800,VHM,CT
2024-11-07 10:24:00,41500,41550,41500,41550,61700,VHM,CT
2024-11-07 10:25:00,41550,41550,41500,41500,38700,VHM,CT
2024-11-07 10:26:00,41550,41550,41500,41550,103000,VHM,CT
2024-11-07 10:27:00,41550,41550,41550,41550,64100,VHM,CT
2024-11-07 10:28:00,41550,41550,41550,41550,40000,VHM,CT
2024-11-07 10:29:00,41550,41600,41500,41600,21800,VHM,CT
2024-11-07 10:30:00,41550,41600,41550,41600,3600,VHM,CT
2024-11-07 10:31:00,41600,41600,41550,41550,199300,VHM,CT
2024-11-07 10:32:00,41550,41550,41500,41550,41200,VHM,CT
2024-11-07 10:33:00,41550,41600,41550,41600,8200,VHM,CT
2024-11-07 10:34:00,41600,41600,41500,41550,18900,VHM,CT
2024-11-07 10:35:00,41550,41550,41550,41550,13200,VHM,CT
2024-11-07 10:36:00,41550,41550,41500,41550,3700,VHM,CT
2024-11-07 10:37:00,41550,41550,41500,41500,3600,VHM,CT
2024-11-07 10:38:00,41500,41550,41500,41500,19900,VHM,CT
2024-11-07 10:39:00,41500,41550,41500,41500,5300,VHM,CT
2024-11-07 10:40:00,41550,41550,41500,41500,5400,VHM,CT
2024-11-07 10:41:00,41500,41500,41500,41500,4200,VHM,CT
2024-11-07 10:42:00,41500,41550,41500,41550,8100,VHM,CT
2024-11-07 10:43:00,41550,41550,41500,41500,22100,VHM,CT
2024-11-07 10:44:00,41500,41550,41500,41500,31600,VHM,CT
2024-11-07 10:45:00,41550,41550,41500,41500,17100,VHM,CT
2024-11-07 10:46:00,41500,41550,41500,41500,16800,VHM,CT
2024-11-07 10:47:00,41500,41550,41500,41500,5800,VHM,CT
2024-11-07 10:48:00,41500,41550,41500,41500,24800,VHM,CT
2024-11-07 10:49:00,41500,41550,41500,41550,7300,VHM,CT
2024-11-07 10:50:00,41500,41500,41500,41500,1400,VHM,CT
2024-11-07 10:51:00,41500,41500,41500,41500,26100,VHM,CT
2024-11-07 10:52:00,41500,41500,41500,41500,6400,VHM,CT
2024-11-07 10:53:00,41500,41500,41500,41500,12700,VHM,CT
2024-11-07 10:54:00,41500,41500,41500,41500,7000,VHM,CT
2024-11-07 10:55:00,41500,41500,41500,41500,54100,VHM,CT
2024-11-07 10:56:00,41500,41500,41500,41500,25000,VHM,CT
2024-11-07 10:57:00,41550,41550,41500,41500,7700,VHM,CT
2024-11-07 10:58:00,41550,41550,41500,41550,11600,VHM,CT
2024-11-07 10:59:00,41550,41550,41500,41500,2300,VHM,CT
2024-11-07 11:00:00,41500,41500,41500,41500,1200,VHM,CT
2024-11-07 11:01:00,41500,41500,41500,41500,6600,VHM,CT
2024-11-07 11:02:00,41500,41550,41500,41500,4500,VHM,CT
2024-11-07 11:03:00,41500,41500,41500,41500,12200,VHM,CT
2024-11-07 11:04:00,41500,41500,41500,41500,13100,VHM,CT
2024-11-07 11:05:00,41500,41550,41500,41500,22300,VHM,CT
2024-11-07 11:06:00,41500,41500,41500,41500,5000,VHM,CT
2024-11-07 11:07:00,41500,41550,41500,41500,150800,VHM,CT
2024-11-07 11:08:00,41500,41500,41500,41500,46300,VHM,CT
2024-11-07 11:09:00,41500,41500,41450,41500,14400,VHM,CT
2024-11-07 11:10:00,41500,41500,41450,41450,1500,VHM,CT
2024-11-07 11:11:00,41500,41500,41450,41450,2700,VHM,CT
2024-11-07 11:12:00,41500,41500,41450,41500,2500,VHM,CT
2024-11-07 11:13:00,41500,41500,41450,41500,1700,VHM,CT
2024-11-07 11:14:00,41450,41500,41450,41500,2800,VHM,CT
2024-11-07 11:15:00,41450,41500,41450,41500,3900,VHM,CT
2024-11-07 11:16:00,41500,41500,41450,41450,8000,VHM,CT
2024-11-07 11:17:00,41450,41450,41450,41450,1200,VHM,CT
2024-11-07 11:18:00,41450,41500,41450,41500,5400,VHM,CT
2024-11-07 11:19:00,41450,41500,41450,41450,43000,VHM,CT
2024-11-07 11:20:00,41450,41500,41450,41450,24200,VHM,CT
2024-11-07 11:21:00,41450,41500,41450,41500,2100,VHM,CT
2024-11-07 11:22:00,41450,41500,41450,41450,46800,VHM,CT
2024-11-07 11:23:00,41450,41450,41450,41450,26300,VHM,CT
2024-11-07 11:24:00,41450,41500,41450,41450,58200,VHM,CT
2024-11-07 11:25:00,41450,41450,41450,41450,23500,VHM,CT
2024-11-07 11:26:00,41450,41450,41450,41450,24800,VHM,CT
2024-11-07 11:27:00,41450,41500,41450,41450,27200,VHM,CT
2024-11-07 11:28:00,41450,41500,41450,41500,11400,VHM,CT
2024-11-07 11:29:00,41500,41500,41450,41450,25200,VHM,CT
2024-11-07 13:00:00,41450,41500,41450,41500,107400,VHM,CT
2024-11-07 13:01:00,41450,41500,41450,41500,203800,VHM,CT
2024-11-07 13:02:00,41500,41550,41450,41450,21800,VHM,CT
2024-11-07 13:03:00,41500,41500,41450,41450,18900,VHM,CT
2024-11-07 13:04:00,41450,41500,41450,41450,12200,VHM,CT
2024-11-07 13:05:00,41500,41500,41450,41450,20900,VHM,CT
2024-11-07 13:06:00,41450,41450,41450,41450,1800,VHM,CT
2024-11-07 13:07:00,41450,41500,41450,41450,23400,VHM,CT
2024-11-07 13:08:00,41450,41500,41450,41500,10800,VHM,CT
2024-11-07 13:09:00,41500,41500,41450,41500,15500,VHM,CT
2024-11-07 13:10:00,41500,41500,41450,41500,5000,VHM,CT
2024-11-07 13:11:00,41450,41500,41450,41450,12300,VHM,CT
2024-11-07 13:12:00,41500,41500,41450,41450,30500,VHM,CT
2024-11-07 13:13:00,41500,41500,41500,41500,138900,VHM,CT
2024-11-07 13:14:00,41500,41550,41450,41550,57800,VHM,CT
2024-11-07 13:15:00,41550,41550,41500,41500,12700,VHM,CT
2024-11-07 13:16:00,41500,41600,41500,41600,192600,VHM,CT
2024-11-07 13:17:00,41550,41550,41500,41500,20800,VHM,CT
2024-11-07 13:18:00,41500,41550,41500,41500,5000,VHM,CT
2024-11-07 13:19:00,41500,41550,41500,41550,13500,VHM,CT
2024-11-07 13:20:00,41550,41550,41500,41550,45700,VHM,CT
2024-11-07 13:21:00,41550,41550,41500,41550,57100,VHM,CT
2024-11-07 13:22:00,41500,41550,41500,41500,6600,VHM,CT
2024-11-07 13:23:00,41500,41550,41500,41500,25000,VHM,CT
2024-11-07 13:24:00,41550,41550,41500,41550,15000,VHM,CT
2024-11-07 13:25:00,41500,41550,41500,41500,53100,VHM,CT
2024-11-07 13:26:00,41500,41550,41500,41500,25300,VHM,CT
2024-11-07 13:27:00,41500,41550,41500,41500,5000,VHM,CT
2024-11-07 13:28:00,41500,41500,41500,41500,10700,VHM,CT
2024-11-07 13:29:00,41500,41500,41500,41500,8700,VHM,CT
2024-11-07 13:30:00,41500,41500,41500,41500,9400,VHM,CT
2024-11-07 13:31:00,41500,41550,41500,41500,32700,VHM,CT
2024-11-07 13:32:00,41500,41550,41500,41500,706500,VHM,CT
2024-11-07 13:33:00,41500,41550,41500,41550,817400,VHM,CT
2024-11-07 13:34:00,41500,41550,41500,41500,17100,VHM,CT
2024-11-07 13:35:00,41500,41550,41500,41500,216000,VHM,CT
2024-11-07 13:36:00,41500,41550,41500,41500,129800,VHM,CT
2024-11-07 13:37:00,41500,41500,41450,41450,238600,VHM,CT
2024-11-07 13:38:00,41450,41500,41450,41450,23000,VHM,CT
2024-11-07 13:39:00,41450,41500,41450,41500,18600,VHM,CT
2024-11-07 13:40:00,41500,41500,41450,41500,18900,VHM,CT
2024-11-07 13:41:00,41450,41450,41450,41450,9200,VHM,CT
2024-11-07 13:42:00,41450,41500,41450,41450,16800,VHM,CT
2024-11-07 13:43:00,41450,41500,41450,41450,21500,VHM,CT
2024-11-07 13:44:00,41450,41450,41450,41450,23200,VHM,CT
2024-11-07 13:45:00,41450,41500,41450,41500,68400,VHM,CT
2024-11-07 13:46:00,41500,41500,41450,41450,12200,VHM,CT
2024-11-07 13:47:00,41500,41500,41450,41450,51000,VHM,CT
2024-11-07 13:48:00,41450,41500,41450,41450,10400,VHM,CT
2024-11-07 13:49:00,41450,41450,41450,41450,9500,VHM,CT
2024-11-07 13:50:00,41450,41450,41450,41450,420200,VHM,CT
2024-11-07 13:51:00,41450,41450,41400,41450,411700,VHM,CT
2024-11-07 13:52:00,41450,41500,41400,41450,473600,VHM,CT
2024-11-07 13:53:00,41450,41450,41450,41450,259700,VHM,CT
2024-11-07 13:54:00,41450,41450,41400,41450,12200,VHM,CT
2024-11-07 13:55:00,41400,41450,41400,41400,9300,VHM,CT
2024-11-07 13:56:00,41400,41450,41400,41400,8600,VHM,CT
2024-11-07 13:57:00,41400,41450,41400,41450,16400,VHM,CT
2024-11-07 13:58:00,41400,41450,41400,41450,192200,VHM,CT
2024-11-07 13:59:00,41400,41450,41400,41450,63500,VHM,CT
2024-11-07 14:00:00,41450,41450,41400,41450,51500,VHM,CT
2024-11-07 14:01:00,41400,41450,41400,41450,28500,VHM,CT
2024-11-07 14:02:00,41400,41450,41400,41400,27900,VHM,CT
2024-11-07 14:03:00,41400,41450,41400,41400,14500,VHM,CT
2024-11-07 14:04:00,41400,41400,41400,41400,7800,VHM,CT
2024-11-07 14:05:00,41400,41450,41400,41400,23800,VHM,CT
2024-11-07 14:06:00,41400,41450,41400,41450,80200,VHM,CT
2024-11-07 14:07:00,41400,41450,41400,41400,119800,VHM,CT
2024-11-07 14:08:00,41450,41450,41400,41400,18200,VHM,CT
2024-11-07 14:09:00,41400,41400,41350,41400,281700,VHM,CT
2024-11-07 14:10:00,41350,41400,41350,41400,42000,VHM,CT
2024-11-07 14:11:00,41400,41450,41350,41350,34600,VHM,CT
2024-11-07 14:12:00,41400,41400,41350,41400,21500,VHM,CT
2024-11-07 14:13:00,41400,41400,41350,41400,120300,VHM,CT
2024-11-07 14:14:00,41400,41500,41400,41500,78900,VHM,CT
2024-11-07 14:15:00,41450,41500,41400,41400,34500,VHM,CT
2024-11-07 14:16:00,41400,41450,41400,41400,254300,VHM,CT
2024-11-07 14:17:00,41400,41450,41400,41400,30600,VHM,CT
2024-11-07 14:18:00,41400,41400,41400,41400,39500,VHM,CT
2024-11-07 14:19:00,41400,41450,41350,41400,28800,VHM,CT
2024-11-07 14:20:00,41400,41400,41350,41350,25000,VHM,CT
2024-11-07 14:21:00,41350,41400,41350,41350,40000,VHM,CT
2024-11-07 14:22:00,41350,41400,41300,41300,172800,VHM,CT
2024-11-07 14:23:00,41300,41400,41300,41350,117600,VHM,CT
2024-11-07 14:24:00,41350,41400,41350,41350,17700,VHM,CT
2024-11-07 14:25:00,41350,41350,41300,41300,84500,VHM,CT
2024-11-07 14:26:00,41350,41400,41300,41400,204100,VHM,CT
2024-11-07 14:27:00,41400,41450,41300,41400,104600,VHM,CT
2024-11-07 14:28:00,41400,41450,41400,41400,23100,VHM,CT
2024-11-07 14:29:00,41350,41450,41350,41450,28100,VHM,CT
2024-11-07 14:45:00,41400,41400,41400,41400,1213800,VHM,CT
2024-11-08 09:15:00,41300,41350,41300,41350,87800,VHM,CT
2024-11-08 09:16:00,41300,41300,41200,41200,57600,VHM,CT
2024-11-08 09:17:00,41250,41300,41200,41250,9000,VHM,CT
2024-11-08 09:18:00,41250,41250,41250,41250,11800,VHM,CT
2024-11-08 09:19:00,41250,41250,41200,41250,59600,VHM,CT
2024-11-08 09:20:00,41250,41300,41250,41250,10300,VHM,CT
2024-11-08 09:21:00,41250,41300,41250,41300,3600,VHM,CT
2024-11-08 09:22:00,41250,41300,41250,41250,40900,VHM,CT
2024-11-08 09:23:00,41250,41250,41200,41200,85900,VHM,CT
2024-11-08 09:24:00,41200,41200,41150,41150,12900,VHM,CT
2024-11-08 09:25:00,41150,41200,41150,41200,26800,VHM,CT
2024-11-08 09:26:00,41150,41200,41150,41200,11600,VHM,CT
2024-11-08 09:27:00,41200,41250,41150,41200,102600,VHM,CT
2024-11-08 09:28:00,41200,41250,41150,41200,43200,VHM,CT
2024-11-08 09:29:00,41200,41200,41150,41200,103300,VHM,CT
2024-11-08 09:30:00,41200,41250,41150,41250,84700,VHM,CT
2024-11-08 09:31:00,41200,41250,41200,41250,50600,VHM,CT
2024-11-08 09:32:00,41250,41250,41200,41200,59300,VHM,CT
2024-11-08 09:33:00,41250,41250,41250,41250,15300,VHM,CT
2024-11-08 09:34:00,41250,41250,41200,41250,36000,VHM,CT
2024-11-08 09:35:00,41250,41250,41200,41250,48100,VHM,CT
2024-11-08 09:36:00,41200,41250,41200,41200,13400,VHM,CT
2024-11-08 09:37:00,41200,41200,41200,41200,44300,VHM,CT
2024-11-08 09:38:00,41200,41250,41200,41250,5500,VHM,CT
2024-11-08 09:39:00,41250,41250,41200,41200,7100,VHM,CT
2024-11-08 09:40:00,41250,41250,41250,41250,4600,VHM,CT
2024-11-08 09:41:00,41250,41250,41200,41200,32900,VHM,CT
2024-11-08 09:42:00,41200,41200,41200,41200,123200,VHM,CT
2024-11-08 09:43:00,41200,41200,41150,41200,892300,VHM,CT
2024-11-08 09:44:00,41200,41200,41150,41150,422000,VHM,CT
2024-11-08 09:45:00,41150,41200,41150,41150,37800,VHM,CT
2024-11-08 09:46:00,41150,41200,41150,41150,232100,VHM,CT
2024-11-08 09:47:00,41150,41200,41150,41150,165400,VHM,CT
2024-11-08 09:48:00,41150,41200,41150,41200,260700,VHM,CT
2024-11-08 09:49:00,41200,41200,41150,41150,131900,VHM,CT
2024-11-08 09:50:00,41150,41200,41150,41200,242000,VHM,CT
2024-11-08 09:51:00,41200,41200,41150,41200,8700,VHM,CT
2024-11-08 09:52:00,41200,41200,41200,41200,2100,VHM,CT
2024-11-08 09:53:00,41200,41200,41150,41200,2800,VHM,CT
2024-11-08 09:54:00,41150,41150,41150,41150,59600,VHM,CT
2024-11-08 09:55:00,41200,41200,41150,41200,19800,VHM,CT
2024-11-08 09:56:00,41200,41200,41150,41200,111700,VHM,CT
2024-11-08 09:57:00,41200,41200,41150,41150,116700,VHM,CT
2024-11-08 09:58:00,41150,41150,41150,41150,247400,VHM,CT
2024-11-08 09:59:00,41150,41200,41150,41150,176400,VHM,CT
2024-11-08 10:00:00,41150,41150,41100,41150,30800,VHM,CT
2024-11-08 10:01:00,41100,41150,41100,41150,15700,VHM,CT
2024-11-08 10:02:00,41100,41150,41100,41100,9400,VHM,CT
2024-11-08 10:03:00,41100,41100,41100,41100,21500,VHM,CT
2024-11-08 10:04:00,41100,41150,41100,41100,45600,VHM,CT
2024-11-08 10:05:00,41100,41100,41050,41050,181100,VHM,CT
2024-11-08 10:06:00,41100,41100,41050,41050,7700,VHM,CT
2024-11-08 10:07:00,41100,41100,41050,41100,89500,VHM,CT
2024-11-08 10:08:00,41050,41100,41050,41100,18100,VHM,CT
2024-11-08 10:09:00,41050,41100,41050,41100,26000,VHM,CT
2024-11-08 10:10:00,41100,41100,41050,41050,49400,VHM,CT
2024-11-08 10:11:00,41050,41100,41050,41050,69400,VHM,CT
2024-11-08 10:12:00,41050,41050,41050,41050,42200,VHM,CT
2024-11-08 10:13:00,41000,41050,41000,41050,124000,VHM,CT
2024-11-08 10:14:00,41050,41050,41000,41050,49000,VHM,CT
2024-11-08 10:15:00,41050,41050,41000,41000,14600,VHM,CT
2024-11-08 10:16:00,41000,41050,41000,41000,4800,VHM,CT
2024-11-08 10:17:00,41000,41050,41000,41000,14500,VHM,CT
2024-11-08 10:18:00,41050,41050,41000,41050,23700,VHM,CT
2024-11-08 10:19:00,41050,41050,41050,41050,7800,VHM,CT
2024-11-08 10:20:00,41050,41050,41000,41000,39100,VHM,CT
2024-11-08 10:21:00,41000,41050,41000,41000,34600,VHM,CT
2024-11-08 10:22:00,41050,41050,41000,41000,255000,VHM,CT
2024-11-08 10:23:00,41000,41000,40950,41000,76600,VHM,CT
2024-11-08 10:24:00,41000,41000,40950,40950,133700,VHM,CT
2024-11-08 10:25:00,40950,40950,40950,40950,39900,VHM,CT
2024-11-08 10:26:00,40950,40950,40900,40900,120400,VHM,CT
2024-11-08 10:27:00,40900,40950,40900,40900,42300,VHM,CT
2024-11-08 10:28:00,40900,40950,40900,40950,31000,VHM,CT
2024-11-08 10:29:00,40900,40900,40850,40900,88400,VHM,CT
2024-11-08 10:30:00,40900,40900,40850,40900,65900,VHM,CT
2024-11-08 10:31:00,40900,40900,40900,40900,111000,VHM,CT
2024-11-08 10:32:00,40900,40950,40900,40900,94000,VHM,CT
2024-11-08 10:33:00,40900,40950,40900,40950,34800,VHM,CT
2024-11-08 10:34:00,40900,40950,40900,40900,8700,VHM,CT
2024-11-08 10:35:00,40950,40950,40900,40950,14600,VHM,CT
2024-11-08 10:36:00,40950,40950,40900,40950,5200,VHM,CT
2024-11-08 10:37:00,40950,40950,40900,40950,39700,VHM,CT
2024-11-08 10:38:00,40900,40950,40900,40950,18300,VHM,CT
2024-11-08 10:39:00,40950,40950,40900,40950,21900,VHM,CT
2024-11-08 10:40:00,40950,40950,40900,40950,22600,VHM,CT
2024-11-08 10:41:00,40950,40950,40900,40900,113800,VHM,CT
2024-11-08 10:42:00,40900,40950,40900,40900,35800,VHM,CT
2024-11-08 10:43:00,40900,40900,40900,40900,9900,VHM,CT
2024-11-08 10:44:00,40900,40950,40900,40900,23100,VHM,CT
2024-11-08 10:45:00,40900,40900,40850,40900,158000,VHM,CT
2024-11-08 10:46:00,40850,40900,40850,40850,56700,VHM,CT
2024-11-08 10:47:00,40850,40850,40800,40800,251300,VHM,CT
2024-11-08 10:48:00,40800,40850,40800,40850,17900,VHM,CT
2024-11-08 10:49:00,40800,40800,40750,40750,192800,VHM,CT
2024-11-08 10:50:00,40800,40800,40750,40750,50500,VHM,CT
2024-11-08 10:51:00,40750,40800,40750,40800,23200,VHM,CT
2024-11-08 10:52:00,40800,40800,40750,40800,44200,VHM,CT
2024-11-08 10:53:00,40800,40800,40750,40750,153000,VHM,CT
2024-11-08 10:54:00,40750,40750,40700,40700,256100,VHM,CT
2024-11-08 10:55:00,40700,40750,40700,40750,26800,VHM,CT
2024-11-08 10:56:00,40750,40750,40700,40750,58900,VHM,CT
2024-11-08 10:57:00,40750,40800,40750,40800,84100,VHM,CT
2024-11-08 10:58:00,40800,40800,40650,40700,255800,VHM,CT
2024-11-08 10:59:00,40700,40700,40600,40650,355900,VHM,CT
2024-11-08 11:00:00,40650,40650,40550,40550,350100,VHM,CT
2024-11-08 11:01:00,40550,40600,40450,40500,537600,VHM,CT
2024-11-08 11:02:00,40500,40600,40500,40600,75800,VHM,CT
2024-11-08 11:03:00,40600,40600,40550,40600,67400,VHM,CT
2024-11-08 11:04:00,40600,40600,40500,40550,217500,VHM,CT
2024-11-08 11:05:00,40550,40600,40500,40500,120800,VHM,CT
2024-11-08 11:06:00,40550,40600,40500,40600,75500,VHM,CT
2024-11-08 11:07:00,40600,40600,40500,40500,480400,VHM,CT
2024-11-08 11:08:00,40550,40550,40500,40550,321600,VHM,CT
2024-11-08 11:09:00,40550,40600,40500,40550,32700,VHM,CT
2024-11-08 11:10:00,40500,40550,40500,40500,432800,VHM,CT
2024-11-08 11:11:00,40500,40550,40450,40500,31500,VHM,CT
2024-11-08 11:12:00,40550,40550,40500,40550,46300,VHM,CT
2024-11-08 11:13:00,40550,40600,40550,40550,31500,VHM,CT
2024-11-08 11:14:00,40550,40600,40550,40600,33700,VHM,CT
2024-11-08 11:15:00,40550,40600,40550,40600,30000,VHM,CT
2024-11-08 11:16:00,40600,40600,40550,40550,49900,VHM,CT
2024-11-08 11:17:00,40550,40600,40550,40600,78400,VHM,CT
2024-11-08 11:18:00,40600,40600,40550,40550,56300,VHM,CT
2024-11-08 11:19:00,40600,40600,40550,40600,3100,VHM,CT
2024-11-08 11:20:00,40600,40600,40550,40550,12600,VHM,CT
2024-11-08 11:21:00,40600,40600,40550,40550,86600,VHM,CT
2024-11-08 11:22:00,40550,40600,40550,40550,20700,VHM,CT
2024-11-08 11:23:00,40600,40600,40550,40600,12400,VHM,CT
2024-11-08 11:24:00,40550,40600,40550,40550,44900,VHM,CT
2024-11-08 11:25:00,40550,40600,40550,40550,50000,VHM,CT
2024-11-08 11:26:00,40550,40600,40500,40550,26600,VHM,CT
2024-11-08 11:27:00,40550,40550,40550,40550,4100,VHM,CT
2024-11-08 11:28:00,40550,40600,40550,40600,19000,VHM,CT
2024-11-08 11:29:00,40550,40600,40550,40550,30400,VHM,CT
2024-11-08 13:00:00,40550,40600,40550,40600,134800,VHM,CT
2024-11-08 13:01:00,40600,40600,40600,40600,6800,VHM,CT
2024-11-08 13:02:00,40600,40600,40550,40550,166000,VHM,CT
2024-11-08 13:03:00,40550,40600,40550,40550,13000,VHM,CT
2024-11-08 13:04:00,40550,40550,40550,40550,7100,VHM,CT
2024-11-08 13:05:00,40600,40600,40550,40550,21300,VHM,CT
2024-11-08 13:06:00,40550,40600,40550,40600,65500,VHM,CT
2024-11-08 13:07:00,40600,40600,40500,40500,128000,VHM,CT
2024-11-08 13:08:00,40500,40550,40500,40550,100200,VHM,CT
2024-11-08 13:09:00,40550,40550,40500,40550,77200,VHM,CT
2024-11-08 13:10:00,40550,40550,40500,40550,112500,VHM,CT
2024-11-08 13:11:00,40550,40600,40500,40600,41600,VHM,CT
2024-11-08 13:12:00,40600,40600,40550,40600,35200,VHM,CT
2024-11-08 13:13:00,40600,40650,40600,40600,25700,VHM,CT
2024-11-08 13:14:00,40600,40650,40600,40600,10200,VHM,CT
2024-11-08 13:15:00,40600,40650,40600,40600,53100,VHM,CT
2024-11-08 13:16:00,40650,40650,40600,40600,92700,VHM,CT
2024-11-08 13:17:00,40600,40600,40550,40600,32800,VHM,CT
2024-11-08 13:18:00,40550,40600,40550,40600,13400,VHM,CT
2024-11-08 13:19:00,40550,40600,40550,40550,38400,VHM,CT
2024-11-08 13:20:00,40550,40600,40550,40600,89600,VHM,CT
2024-11-08 13:21:00,40600,40600,40550,40600,16200,VHM,CT
2024-11-08 13:22:00,40600,40600,40550,40550,309000,VHM,CT
2024-11-08 13:23:00,40550,40550,40500,40500,26500,VHM,CT
2024-11-08 13:24:00,40550,40550,40500,40550,150400,VHM,CT
2024-11-08 13:25:00,40550,40600,40550,40550,16200,VHM,CT
2024-11-08 13:26:00,40600,40600,40550,40600,94800,VHM,CT
2024-11-08 13:27:00,40600,40650,40600,40600,67400,VHM,CT
2024-11-08 13:28:00,40550,40600,40550,40550,100100,VHM,CT
2024-11-08 13:29:00,40600,40600,40550,40550,56400,VHM,CT
2024-11-08 13:30:00,40600,40600,40550,40550,43100,VHM,CT
2024-11-08 13:31:00,40550,40550,40500,40500,357500,VHM,CT
2024-11-08 13:32:00,40500,40550,40500,40500,220500,VHM,CT
2024-11-08 13:33:00,40550,40550,40450,40500,63100,VHM,CT
2024-11-08 13:34:00,40450,40500,40450,40500,73900,VHM,CT
2024-11-08 13:35:00,40500,40550,40500,40500,20700,VHM,CT
2024-11-08 13:36:00,40500,40550,40500,40500,51500,VHM,CT
2024-11-08 13:37:00,40500,40500,40450,40500,41600,VHM,CT
2024-11-08 13:38:00,40450,40500,40450,40500,42600,VHM,CT
2024-11-08 13:39:00,40550,40550,40450,40500,37700,VHM,CT
2024-11-08 13:40:00,40500,40500,40450,40450,24200,VHM,CT
2024-11-08 13:41:00,40450,40500,40450,40500,50700,VHM,CT
2024-11-08 13:42:00,40500,40500,40450,40500,51800,VHM,CT
2024-11-08 13:43:00,40500,40500,40450,40500,186300,VHM,CT
2024-11-08 13:44:00,40500,40500,40450,40500,118600,VHM,CT
2024-11-08 13:45:00,40500,40550,40500,40500,32500,VHM,CT
2024-11-08 13:46:00,40500,40550,40500,40500,17700,VHM,CT
2024-11-08 13:47:00,40500,40550,40500,40550,69900,VHM,CT
2024-11-08 13:48:00,40500,40550,40450,40500,183700,VHM,CT
2024-11-08 13:49:00,40450,40500,40450,40500,31200,VHM,CT
2024-11-08 13:50:00,40500,40550,40500,40500,42400,VHM,CT
2024-11-08 13:51:00,40500,40550,40500,40550,31700,VHM,CT
2024-11-08 13:52:00,40500,40550,40500,40500,51900,VHM,CT
2024-11-08 13:53:00,40500,40500,40450,40450,85000,VHM,CT
2024-11-08 13:54:00,40450,40500,40450,40500,27000,VHM,CT
2024-11-08 13:55:00,40500,40500,40450,40500,92300,VHM,CT
2024-11-08 13:56:00,40500,40500,40450,40500,50700,VHM,CT
2024-11-08 13:57:00,40500,40500,40450,40500,30800,VHM,CT
2024-11-08 13:58:00,40450,40500,40400,40450,574200,VHM,CT
2024-11-08 13:59:00,40450,40450,40350,40350,328800,VHM,CT
2024-11-08 14:00:00,40350,40350,40300,40300,110300,VHM,CT
2024-11-08 14:01:00,40300,40350,40200,40250,183300,VHM,CT
2024-11-08 14:02:00,40250,40250,40150,40200,177200,VHM,CT
2024-11-08 14:03:00,40200,40250,40150,40250,104500,VHM,CT
2024-11-08 14:04:00,40250,40300,40200,40300,180400,VHM,CT
2024-11-08 14:05:00,40300,40400,40300,40400,61300,VHM,CT
2024-11-08 14:06:00,40400,40450,40400,40400,33200,VHM,CT
2024-11-08 14:07:00,40450,40450,40400,40400,33800,VHM,CT
2024-11-08 14:08:00,40400,40450,40400,40400,29600,VHM,CT
2024-11-08 14:09:00,40400,40400,40350,40350,60200,VHM,CT
2024-11-08 14:10:00,40350,40400,40300,40350,58100,VHM,CT
2024-11-08 14:11:00,40300,40300,40250,40300,111000,VHM,CT
2024-11-08 14:12:00,40250,40300,40200,40200,79500,VHM,CT
2024-11-08 14:13:00,40200,40250,40200,40250,90900,VHM,CT
2024-11-08 14:14:00,40250,40300,40200,40250,103600,VHM,CT
2024-11-08 14:15:00,40250,40350,40250,40300,46800,VHM,CT
2024-11-08 14:16:00,40300,40350,40250,40250,58000,VHM,CT
2024-11-08 14:17:00,40250,40300,40250,40250,92700,VHM,CT
2024-11-08 14:18:00,40300,40300,40200,40250,78100,VHM,CT
2024-11-08 14:19:00,40200,40300,40200,40300,42200,VHM,CT
2024-11-08 14:20:00,40250,40300,40250,40250,63900,VHM,CT
2024-11-08 14:21:00,40300,40350,40250,40350,64000,VHM,CT
2024-11-08 14:22:00,40350,40350,40300,40300,80600,VHM,CT
2024-11-08 14:23:00,40300,40300,40250,40300,57600,VHM,CT
2024-11-08 14:24:00,40300,40300,40250,40250,77800,VHM,CT
2024-11-08 14:25:00,40300,40300,40250,40250,43800,VHM,CT
2024-11-08 14:26:00,40250,40300,40250,40300,46300,VHM,CT
2024-11-08 14:27:00,40250,40300,40250,40250,74800,VHM,CT
2024-11-08 14:28:00,40250,40300,40250,40250,58000,VHM,CT
2024-11-08 14:29:00,40250,40350,40250,40350,256400,VHM,CT
2024-11-08 14:45:00,40000,40000,40000,40000,2811600,VHM,CT
